<?xml version="1.0"?>
<!DOCTYPE hibernate-mapping PUBLIC "-//Hibernate/Hibernate Mapping DTD 3.0//EN"
"http://hibernate.sourceforge.net/hibernate-mapping-3.0.dtd">
<!-- Generated 2017-2-25 20:14:25 by Hibernate Tools 3.5.0.Final -->
<hibernate-mapping>
    <class name="com.licunzhi.model.Admin" table="ADMIN">
        <id name="id" type="java.lang.Integer">
            <column name="ID" />
            <generator class="identity" />
        </id>
        <property name="name" type="java.lang.String">
            <column name="NAME" />
        </property>
        <property name="password" type="java.lang.String">
            <column name="PASSWORD" />
        </property>
        <property name="nameid" type="java.lang.String">
            <column name="NAMEID" />
        </property>
    </class>
</hibernate-mapping>
