<?xml version="1.0"?>
<!DOCTYPE hibernate-mapping PUBLIC "-//Hibernate/Hibernate Mapping DTD 3.0//EN"
"http://hibernate.sourceforge.net/hibernate-mapping-3.0.dtd">
<!-- Generated 2017-2-25 20:14:25 by Hibernate Tools 3.5.0.Final -->
<hibernate-mapping>
    <class name="com.licunzhi.model.Page" table="PAGE">
        <id name="id" type="java.lang.Integer">
            <column name="ID" />
            <generator class="identity" />
        </id>
        <property name="pageid" type="java.lang.Integer">
            <column name="PAGEID" />
        </property>
        <property name="qtype" type="java.lang.String">
            <column name="QTYPE" />
        </property>
        
        
        <many-to-one name="paper" class="com.licunzhi.model.Paper" lazy="false">
            <column name="PAPER" />
        </many-to-one>
    </class>
</hibernate-mapping>
