<?xml version="1.0"?>
<!DOCTYPE hibernate-mapping PUBLIC "-//Hibernate/Hibernate Mapping DTD 3.0//EN"
"http://hibernate.sourceforge.net/hibernate-mapping-3.0.dtd">
<!-- Generated 2017-2-25 20:14:25 by Hibernate Tools 3.5.0.Final -->
<hibernate-mapping>
    <class name="com.licunzhi.model.Questions" table="QUESTIONS">
        <id name="id" type="java.lang.Integer">
            <column name="ID" />
            <generator class="identity" />
        </id>
        <property name="qtype" type="java.lang.String">
            <column name="QTYPE" />
        </property>
        <property name="qtitle" type="java.lang.String">
            <column name="QTITLE" />
        </property>
        <property name="qoptions" type="java.lang.String">
            <column name="QOPTIONS" />
        </property>
        <property name="qanswer" type="java.lang.String">
            <column name="QANSWER" />
        </property>
        
        
        <many-to-one name="page" class="com.licunzhi.model.Page" lazy="false">
            <column name="PAGE" />
        </many-to-one>
    </class>
</hibernate-mapping>
